<?xml version="1.0" encoding="UTF-8"?>
<con:soapui-project id="4e8dc7d6-6397-4b7b-bcb0-5b31de2b1b23" activeEnvironment="Default" name="PlanningAsaService" resourceRoot="${projectDir}" soapui-version="5.3.0" abortOnError="false" runType="SEQUENTIAL" xmlns:con="http://eviware.com/soapui/config"><con:settings/><con:interface xsi:type="con:RestService" id="8fb63091-53b7-4f8b-9658-dca2b490d9a1" wadlVersion="http://wadl.dev.java.net/2009/02" name="http://localhost:8080" type="rest" xmlns:xsi="http://www.w3.org/2001/XMLSchema-instance"><con:settings/><con:definitionCache type="TEXT" rootPart=""/><con:endpoints><con:endpoint>http://localhost:8080</con:endpoint></con:endpoints><con:resource name="Toopenshift" path="/kie-server/services/rest/server/containers/instances/decisionserver-hellorules_2" id="89a021b4-4bd7-4306-89b6-12fa48c3f8a1"><con:settings/><con:parameters/><con:method name="Toopenshift" id="fc6a2e94-42e5-4e93-8461-bbd8e4656f24" method="POST"><con:settings/><con:parameters><con:parameter><con:name>X-KIE-ContentType</con:name><con:value>XSTREAM</con:value><con:style>HEADER</con:style><con:default>XSTREAM</con:default><con:description xsi:nil="true"/></con:parameter><con:parameter><con:name>Content-Type</con:name><con:value>application/xml</con:value><con:style>HEADER</con:style><con:default>application/xml</con:default><con:description xsi:nil="true"/></con:parameter></con:parameters><con:representation type="REQUEST"><con:mediaType>application/xml</con:mediaType><con:params/><con:element>fire-all-rules</con:element></con:representation><con:representation type="FAULT"><con:mediaType>text/html;charset=utf-8</con:mediaType><con:status>405 401</con:status><con:params/><con:element>html</con:element></con:representation><con:representation type="REQUEST"><con:mediaType>text/xml</con:mediaType><con:params/><con:element>fire-all-rules</con:element></con:representation><con:representation type="RESPONSE"><con:mediaType>application/xml</con:mediaType><con:status>200</con:status><con:params/><con:element>response</con:element></con:representation><con:representation type="RESPONSE"><con:mediaType xsi:nil="true"/><con:status>0</con:status><con:params/><con:element>data</con:element></con:representation><con:representation type="RESPONSE"><con:mediaType xsi:nil="true"/><con:status>0</con:status><con:params/><con:element>data</con:element></con:representation><con:representation type="RESPONSE"><con:mediaType xsi:nil="true"/><con:status>0</con:status><con:params/><con:element>data</con:element></con:representation><con:request name="TestGreetingRule" id="f25e9dc6-a337-46b8-a165-61bb53d9b23a" mediaType="application/xml" sslKeystore="" postQueryString="false"><con:settings><con:setting id="com.eviware.soapui.impl.wsdl.WsdlRequest@request-headers">&lt;xml-fragment/></con:setting></con:settings><con:endpoint>http://localhost:8080</con:endpoint><con:request><![CDATA[<batch-execution lookup="HelloRulesSession">
  <insert>
      <org.openshift.quickstarts.decisionserver.hellorules.Person>
            <name>rettori</name>
                </org.openshift.quickstarts.decisionserver.hellorules.Person>
                  </insert>
                    <fire-all-rules/>
                      <query out-identifier="greetings" name="get greeting"/>
                      </batch-execution>]]></con:request><con:originalUri>http://localhost/kie-server/services/rest/server/containers/toopenshift</con:originalUri><con:credentials><con:username>newadmin</con:username><con:password>welcome1!</con:password><con:authType>No Authorization</con:authType></con:credentials><con:jmsConfig JMSDeliveryMode="PERSISTENT"/><con:jmsPropertyConfig/><con:parameters/><con:parameterOrder><con:entry>X-KIE-ContentType</con:entry><con:entry>Content-Type</con:entry></con:parameterOrder></con:request></con:method></con:resource><con:resource name="tasksolver" path="/kie-server/services/rest/server/containers/optataskprj_7/solvers/tasksolver" id="d39a44d8-f399-4e01-979a-872708ac889e"><con:settings/><con:parameters><con:parameter><con:name>Content-Type</con:name><con:value/><con:style>HEADER</con:style><con:default/><con:description xsi:nil="true"/></con:parameter><con:parameter><con:name>X-KIE-ContentType</con:name><con:value/><con:style>HEADER</con:style><con:default/><con:description xsi:nil="true"/></con:parameter></con:parameters><con:method name="Method 1" id="34970104-9807-4f0b-9ec4-a39cd63d8e4d" method="PUT"><con:settings/><con:parameters/><con:representation type="REQUEST"><con:mediaType>application/xml</con:mediaType><con:params/><con:element>solver-instance</con:element></con:representation><con:representation type="FAULT"><con:mediaType>text/html;charset=UTF-8</con:mediaType><con:status>401 500</con:status><con:params/><con:element>html</con:element></con:representation><con:representation type="FAULT"><con:mediaType>application/xml</con:mediaType><con:status>400</con:status><con:params/><con:element>response</con:element></con:representation><con:representation type="RESPONSE"><con:mediaType>application/xml</con:mediaType><con:status>201</con:status><con:params/><con:element>response</con:element></con:representation><con:request name="PutSolverConfig" id="80ed7658-b94a-46dd-b296-49651f3df02b" mediaType="application/xml" postQueryString="false"><con:settings><con:setting id="com.eviware.soapui.impl.wsdl.WsdlRequest@request-headers">&lt;xml-fragment/></con:setting></con:settings><con:endpoint>http://localhost:8080</con:endpoint><con:request>&lt;solver-instance>
  &lt;solver-config-file>taskou/optataskprj/tasksolver.solver.xml&lt;/solver-config-file>
&lt;/solver-instance></con:request><con:originalUri>http://localhost/kie-server/services/rest/server/containers/optataskprj_2/solvers/tasksolver</con:originalUri><con:credentials><con:username>newadmin</con:username><con:password>welcome1!</con:password><con:authType>No Authorization</con:authType></con:credentials><con:jmsConfig JMSDeliveryMode="PERSISTENT"/><con:jmsPropertyConfig/><con:parameters>
  <con:entry key="X-KIE-ContentType" value=""/>
  <con:entry key="Content-Type" value=""/>
</con:parameters><con:parameterOrder><con:entry>Content-Type</con:entry><con:entry>X-KIE-ContentType</con:entry></con:parameterOrder></con:request></con:method><con:method name="PostInput" id="34970104-9807-4f0b-9ec4-a39cd63d8e4d" method="POST"><con:settings/><con:parameters/><con:representation type="REQUEST"><con:mediaType>application/xml</con:mediaType><con:params/><con:element>solver-instance</con:element></con:representation><con:representation type="FAULT"><con:mediaType>text/html;charset=UTF-8</con:mediaType><con:status>401 500</con:status><con:params/><con:element>html</con:element></con:representation><con:representation type="FAULT"><con:mediaType>application/xml</con:mediaType><con:status>400 500</con:status><con:params/><con:element>response</con:element></con:representation><con:representation type="RESPONSE"><con:mediaType>application/xml</con:mediaType><con:status>201 200</con:status><con:params/><con:element>response</con:element></con:representation><con:representation type="FAULT"><con:mediaType xsi:nil="true"/><con:status>405</con:status><con:params/><con:element>data</con:element></con:representation><con:request name="SendInputData" id="80ed7658-b94a-46dd-b296-49651f3df02b" mediaType="application/xml" postQueryString="false"><con:settings><con:setting id="com.eviware.soapui.impl.wsdl.WsdlRequest@request-headers">&lt;xml-fragment/></con:setting></con:settings><con:endpoint>http://localhost:8080</con:endpoint><con:request><![CDATA[<solver-instance>
	<status>SOLVING</status>
	<planning-problem class="taskou.optataskprj.TaskAssigningSolution">
  <skillList id="2">
    <taskou.optataskprj.Skill id="3">
      <id>0</id>
      <name>Problem Solving</name>
    </taskou.optataskprj.Skill>
    <taskou.optataskprj.Skill id="4">
      <id>1</id>
      <name>Team Building</name>
    </taskou.optataskprj.Skill>
    <taskou.optataskprj.Skill id="5">
      <id>2</id>
      <name>Business Storytelling</name>
    </taskou.optataskprj.Skill>
  </skillList>
  <taskTypeList id="9">
    <taskou.optataskprj.TaskType id="12">
      <id>1</id>
      <code>ETD</code>
      <title>Expand Tax Development</title>
      <baseDuration>63</baseDuration>
      <requiredSkillList id="13">
        <taskou.optataskprj.Skill reference="3"/>
        <taskou.optataskprj.Skill reference="4"/>
      </requiredSkillList>
    </taskou.optataskprj.TaskType>

    <taskou.optataskprj.TaskType id="16">
      <id>3</id>
      <code>ALM</code>
      <title>Approve Legal Management</title>
      <baseDuration>40</baseDuration>
      <requiredSkillList id="17">
        <taskou.optataskprj.Skill reference="6"/>
      </requiredSkillList>
    </taskou.optataskprj.TaskType>
  </taskTypeList>
  <customerList id="18">
    <taskou.optataskprj.Customer id="19">
      <id>0</id>
      <name>Steel Inc US</name>
    </taskou.optataskprj.Customer>
    <taskou.optataskprj.Customer id="20">
      <id>1</id>
      <name>Paper Corp UK</name>
    </taskou.optataskprj.Customer>
    <taskou.optataskprj.Customer id="21">
      <id>2</id>
      <name>Stone Limited JP</name>
    </taskou.optataskprj.Customer>
    <taskou.optataskprj.Customer id="22">
      <id>3</id>
      <name>Wood Express DE</name>
    </taskou.optataskprj.Customer>
  </customerList>



  <employeeList id="23">
    <taskou.optataskprj.Employee id="24">
      <id>0</id>
      <fullName>Geoff A. O. Smet</fullName>
      <skillSet class="linked-hash-set" id="25">
        <taskou.optataskprj.Skill reference="3"/>
        <taskou.optataskprj.Skill reference="4"/>
        <taskou.optataskprj.Skill reference="5"/>
      </skillSet>
      <affinityMap class="linked-hash-map" id="26">
        <entry>
          <taskou.optataskprj.Customer reference="19"/>
          <taskou.optataskprj.Affinity>HIGH</taskou.optataskprj.Affinity>
        </entry>
        <entry>
          <TaCustomer reference="20"/>
          <taskou.optataskprj.Affinity>MEDIUM</taskou.optataskprj.Affinity>
        </entry>
        <entry>
          <TaCustomer reference="21"/>
          <taskou.optataskprj.Affinity>NONE</taskou.optataskprj.Affinity>
        </entry>
        <entry>
          <TaCustomer reference="22"/>
          <taskou.optataskprj.Affinity>MEDIUM</taskou.optataskprj.Affinity>
        </entry>
      </affinityMap>
    </taskou.optataskprj.Employee>
    <taskou.optataskprj.Employee id="27">
      <id>1</id>
      <fullName>Mark B. P. Proc</fullName>
      <skillSet class="linked-hash-set" id="28">
        <taskou.optataskprj.Skill reference="6"/>
        <taskou.optataskprj.Skill reference="7"/>
      </skillSet>
      <affinityMap class="linked-hash-map" id="29">
        <entry>
          <taskou.optataskprj.Customer reference="19"/>
          <taskou.optataskprj.Affinity>LOW</taskou.optataskprj.Affinity>
        </entry>
        <entry>
          <TaCustomer reference="20"/>
          <taskou.optataskprj.Affinity>NONE</taskou.optataskprj.Affinity>
        </entry>
        <entry>
          <TaCustomer reference="21"/>
          <taskou.optataskprj.Affinity>LOW</taskou.optataskprj.Affinity>
        </entry>
        <entry>
          <TaCustomer reference="22"/>
          <taskou.optataskprj.Affinity>NONE</taskou.optataskprj.Affinity>
        </entry>
      </affinityMap>
    </taskou.optataskprj.Employee>
    <taskou.optataskprj.Employee id="30">
      <id>2</id>
      <fullName>Edson C. Q. Fusco</fullName>
      <skillSet class="linked-hash-set" id="31">
        <taskou.optataskprj.Skill reference="8"/>
        <taskou.optataskprj.Skill reference="3"/>
      </skillSet>
      <affinityMap class="linked-hash-map" id="32">
        <entry>
          <taskou.optataskprj.Customer reference="19"/>
          <taskou.optataskprj.Affinity>MEDIUM</taskou.optataskprj.Affinity>
        </entry>
        <entry>
          <TaCustomer reference="20"/>
          <taskou.optataskprj.Affinity>HIGH</taskou.optataskprj.Affinity>
        </entry>
        <entry>
          <TaCustomer reference="21"/>
          <taskou.optataskprj.Affinity>HIGH</taskou.optataskprj.Affinity>
        </entry>
        <entry>
          <TaCustomer reference="22"/>
          <taskou.optataskprj.Affinity>LOW</taskou.optataskprj.Affinity>
        </entry>
      </affinityMap>
    </taskou.optataskprj.Employee>
    <taskou.optataskprj.Employee id="33">
      <id>3</id>
      <fullName>Ondrej D. R. Skop</fullName>
      <skillSet class="linked-hash-set" id="34">
        <taskou.optataskprj.Skill reference="4"/>
        <taskou.optataskprj.Skill reference="5"/>
      </skillSet>
      <affinityMap class="linked-hash-map" id="35">
        <entry>
          <taskou.optataskprj.Customer reference="19"/>
          <taskou.optataskprj.Affinity>LOW</taskou.optataskprj.Affinity>
        </entry>
        <entry>
          <TaCustomer reference="20"/>
          <taskou.optataskprj.Affinity>HIGH</taskou.optataskprj.Affinity>
        </entry>
        <entry>
          <TaCustomer reference="21"/>
          <taskou.optataskprj.Affinity>HIGH</taskou.optataskprj.Affinity>
        </entry>
        <entry>
          <TaCustomer reference="22"/>
          <taskou.optataskprj.Affinity>MEDIUM</taskou.optataskprj.Affinity>
        </entry>
      </affinityMap>
    </taskou.optataskprj.Employee>
    <taskou.optataskprj.Employee id="36">
      <id>4</id>
      <fullName>Lukas E. S. Davis</fullName>
      <skillSet class="linked-hash-set" id="37">
        <taskou.optataskprj.Skill reference="6"/>
        <taskou.optataskprj.Skill reference="7"/>
        <taskou.optataskprj.Skill reference="8"/>
      </skillSet>
      <affinityMap class="linked-hash-map" id="38">
        <entry>
          <taskou.optataskprj.Customer reference="19"/>
          <taskou.optataskprj.Affinity>MEDIUM</taskou.optataskprj.Affinity>
        </entry>
        <entry>
          <TaCustomer reference="20"/>
          <taskou.optataskprj.Affinity>NONE</taskou.optataskprj.Affinity>
        </entry>
        <entry>
          <TaCustomer reference="21"/>
          <taskou.optataskprj.Affinity>MEDIUM</taskou.optataskprj.Affinity>
        </entry>
        <entry>
          <TaCustomer reference="22"/>
          <taskou.optataskprj.Affinity>MEDIUM</taskou.optataskprj.Affinity>
        </entry>
      </affinityMap>
    </taskou.optataskprj.Employee>
    <taskou.optataskprj.Employee id="39">
      <id>5</id>
      <fullName>Vicky F. T. Smith</fullName>
      <skillSet class="linked-hash-set" id="40">
        <taskou.optataskprj.Skill reference="3"/>
        <taskou.optataskprj.Skill reference="4"/>
      </skillSet>
      <affinityMap class="linked-hash-map" id="41">
        <entry>
          <taskou.optataskprj.Customer reference="19"/>
          <taskou.optataskprj.Affinity>HIGH</taskou.optataskprj.Affinity>
        </entry>
        <entry>
          <TaCustomer reference="20"/>
          <taskou.optataskprj.Affinity>HIGH</taskou.optataskprj.Affinity>
        </entry>
        <entry>
          <TaCustomer reference="21"/>
          <taskou.optataskprj.Affinity>MEDIUM</taskou.optataskprj.Affinity>
        </entry>
        <entry>
          <TaCustomer reference="22"/>
          <taskou.optataskprj.Affinity>MEDIUM</taskou.optataskprj.Affinity>
        </entry>
      </affinityMap>
    </taskou.optataskprj.Employee>
    <taskou.optataskprj.Employee id="42">
      <id>6</id>
      <fullName>Shelly G. U. Gowan</fullName>
      <skillSet class="linked-hash-set" id="43">
        <taskou.optataskprj.Skill reference="5"/>
        <taskou.optataskprj.Skill reference="6"/>
        <taskou.optataskprj.Skill reference="7"/>
      </skillSet>
      <affinityMap class="linked-hash-map" id="44">
        <entry>
          <taskou.optataskprj.Customer reference="19"/>
          <taskou.optataskprj.Affinity>LOW</taskou.optataskprj.Affinity>
        </entry>
        <entry>
          <TaCustomer reference="20"/>
          <taskou.optataskprj.Affinity>MEDIUM</taskou.optataskprj.Affinity>
        </entry>
        <entry>
          <TaCustomer reference="21"/>
          <taskou.optataskprj.Affinity>LOW</taskou.optataskprj.Affinity>
        </entry>
        <entry>
          <TaCustomer reference="22"/>
          <taskou.optataskprj.Affinity>LOW</taskou.optataskprj.Affinity>
        </entry>
      </affinityMap>
    </taskou.optataskprj.Employee>
    <taskou.optataskprj.Employee id="45">
      <id>7</id>
      <fullName>Peter H. V. Siro</fullName>
      <skillSet class="linked-hash-set" id="46">
        <taskou.optataskprj.Skill reference="8"/>
        <taskou.optataskprj.Skill reference="3"/>
        <taskou.optataskprj.Skill reference="4"/>
      </skillSet>
      <affinityMap class="linked-hash-map" id="47">
        <entry>
          <taskou.optataskprj.Customer reference="19"/>
          <taskou.optataskprj.Affinity>NONE</taskou.optataskprj.Affinity>
        </entry>
        <entry>
          <TaCustomer reference="20"/>
          <taskou.optataskprj.Affinity>MEDIUM</taskou.optataskprj.Affinity>
        </entry>
        <entry>
          <TaCustomer reference="21"/>
          <taskou.optataskprj.Affinity>NONE</taskou.optataskprj.Affinity>
        </entry>
        <entry>
          <TaCustomer reference="22"/>
          <taskou.optataskprj.Affinity>LOW</taskou.optataskprj.Affinity>
        </entry>
      </affinityMap>
    </taskou.optataskprj.Employee>
  </employeeList>
  <TaskList id="48">
    <taskou.optataskprj.Task id="49">
      <id>0</id>
      <taskType reference="14"/>
      <indexInTaskType>1</indexInTaskType>
      <customer reference="20"/>
      <readyTime>0</readyTime>
      <priority>MINOR</priority>
      <locked>false</locked>
    </taskou.optataskprj.Task>
    <taskou.optataskprj.Task id="50">
      <id>1</id>
      <taskType reference="16"/>
      <indexInTaskType>1</indexInTaskType>
      <customer reference="22"/>
      <readyTime>0</readyTime>
      <priority>MAJOR</priority>
      <locked>false</locked>
    </taskou.optataskprj.Task>
    <taskou.optataskprj.Task id="51">
      <id>2</id>
      <taskType reference="14"/>
      <indexInTaskType>2</indexInTaskType>
      <customer reference="22"/>
      <readyTime>0</readyTime>
      <priority>MAJOR</priority>
      <locked>false</locked>
    </taskou.optataskprj.Task>
    <taskou.optataskprj.Task id="52">
      <id>3</id>
      <taskType reference="10"/>
      <indexInTaskType>1</indexInTaskType>
      <customer reference="22"/>
      <readyTime>0</readyTime>
      <priority>CRITICAL</priority>
      <locked>false</locked>
    </taskou.optataskprj.Task>
    <taskou.optataskprj.Task id="53">
      <id>4</id>
      <taskType reference="16"/>
      <indexInTaskType>2</indexInTaskType>
      <customer reference="21"/>
      <readyTime>0</readyTime>
      <priority>MINOR</priority>
      <locked>false</locked>
    </taskou.optataskprj.Task>
    <taskou.optataskprj.Task id="54">
      <id>5</id>
      <taskType reference="16"/>
      <indexInTaskType>3</indexInTaskType>
      <customer reference="21"/>
      <readyTime>0</readyTime>
      <priority>MINOR</priority>
      <locked>false</locked>
    </taskou.optataskprj.Task>
    <taskou.optataskprj.Task id="55">
      <id>6</id>
      <taskType reference="12"/>
      <indexInTaskType>1</indexInTaskType>
      <customer reference="20"/>
      <readyTime>0</readyTime>
      <priority>MINOR</priority>
      <locked>false</locked>
    </taskou.optataskprj.Task>
    <taskou.optataskprj.Task id="56">
      <id>7</id>
      <taskType reference="12"/>
      <indexInTaskType>2</indexInTaskType>
      <customer reference="19"/>
      <readyTime>0</readyTime>
      <priority>MINOR</priority>
      <locked>false</locked>
    </taskou.optataskprj.Task>
    <taskou.optataskprj.Task id="57">
      <id>8</id>
      <taskType reference="12"/>
      <indexInTaskType>3</indexInTaskType>
      <customer reference="19"/>
      <readyTime>0</readyTime>
      <priority>MINOR</priority>
      <locked>false</locked>
    </taskou.optataskprj.Task>
    <taskou.optataskprj.Task id="58">
      <id>9</id>
      <taskType reference="14"/>
      <indexInTaskType>3</indexInTaskType>
      <customer reference="22"/>
      <readyTime>0</readyTime>
      <priority>MAJOR</priority>
      <locked>false</locked>
    </taskou.optataskprj.Task>
    <taskou.optataskprj.Task id="59">
      <id>10</id>
      <taskType reference="10"/>
      <indexInTaskType>2</indexInTaskType>
      <customer reference="22"/>
      <readyTime>0</readyTime>
      <priority>MINOR</priority>
      <locked>false</locked>
    </taskou.optataskprj.Task>
    <taskou.optataskprj.Task id="60">
      <id>11</id>
      <taskType reference="12"/>
      <indexInTaskType>4</indexInTaskType>
      <customer reference="19"/>
      <readyTime>0</readyTime>
      <priority>MAJOR</priority>
      <locked>false</locked>
    </taskou.optataskprj.Task>
    <taskou.optataskprj.Task id="61">
      <id>12</id>
      <taskType reference="10"/>
      <indexInTaskType>3</indexInTaskType>
      <customer reference="21"/>
      <readyTime>0</readyTime>
      <priority>MINOR</priority>
      <locked>false</locked>
    </taskou.optataskprj.Task>
    <taskou.optataskprj.Task id="62">
      <id>13</id>
      <taskType reference="12"/>
      <indexInTaskType>5</indexInTaskType>
      <customer reference="22"/>
      <readyTime>0</readyTime>
      <priority>MAJOR</priority>
      <locked>false</locked>
    </taskou.optataskprj.Task>
    <taskou.optataskprj.Task id="63">
      <id>14</id>
      <taskType reference="12"/>
      <indexInTaskType>6</indexInTaskType>
      <customer reference="21"/>
      <readyTime>0</readyTime>
      <priority>CRITICAL</priority>
      <locked>false</locked>
    </taskou.optataskprj.Task>
    <taskou.optataskprj.Task id="64">
      <id>15</id>
      <taskType reference="12"/>
      <indexInTaskType>7</indexInTaskType>
      <customer reference="20"/>
      <readyTime>0</readyTime>
      <priority>MINOR</priority>
      <locked>false</locked>
    </taskou.optataskprj.Task>
    <taskou.optataskprj.Task id="65">
      <id>16</id>
      <taskType reference="16"/>
      <indexInTaskType>4</indexInTaskType>
      <customer reference="21"/>
      <readyTime>0</readyTime>
      <priority>MAJOR</priority>
      <locked>false</locked>
    </taskou.optataskprj.Task>
    <taskou.optataskprj.Task id="66">
      <id>17</id>
      <taskType reference="16"/>
      <indexInTaskType>5</indexInTaskType>
      <customer reference="19"/>
      <readyTime>0</readyTime>
      <priority>MAJOR</priority>
      <locked>false</locked>
    </taskou.optataskprj.Task>
</TaskList>
</planning-problem>
</solver-instance>]]></con:request><con:originalUri>http://localhost/kie-server/services/rest/server/containers/optataskprj_2/solvers/tasksolver</con:originalUri><con:credentials><con:username>newadmin</con:username><con:password>welcome1!</con:password><con:authType>No Authorization</con:authType></con:credentials><con:jmsConfig JMSDeliveryMode="PERSISTENT"/><con:jmsPropertyConfig/><con:parameters>
  <con:entry key="X-KIE-ContentType" value=""/>
  <con:entry key="Content-Type" value=""/>
</con:parameters><con:parameterOrder><con:entry>Content-Type</con:entry><con:entry>X-KIE-ContentType</con:entry></con:parameterOrder></con:request></con:method><con:method name="GetSolution" id="34970104-9807-4f0b-9ec4-a39cd63d8e4d" method="GET"><con:settings/><con:parameters/><con:representation type="REQUEST"><con:mediaType>application/xml</con:mediaType><con:params/><con:element>solver-instance</con:element></con:representation><con:representation type="FAULT"><con:mediaType>text/html;charset=UTF-8</con:mediaType><con:status>401 500</con:status><con:params/><con:element>html</con:element></con:representation><con:representation type="FAULT"><con:mediaType>application/xml</con:mediaType><con:status>400</con:status><con:params/><con:element>response</con:element></con:representation><con:representation type="RESPONSE"><con:mediaType>application/xml</con:mediaType><con:status>201 200</con:status><con:params/><con:element>response</con:element></con:representation><con:request name="GetSolution" id="80ed7658-b94a-46dd-b296-49651f3df02b" mediaType="application/xml" postQueryString="false"><con:settings><con:setting id="com.eviware.soapui.impl.wsdl.WsdlRequest@request-headers">&lt;xml-fragment/></con:setting></con:settings><con:endpoint>http://localhost:8080</con:endpoint><con:request/><con:originalUri>http://localhost/kie-server/services/rest/server/containers/optataskprj_2/solvers/tasksolver</con:originalUri><con:credentials><con:username>newadmin</con:username><con:password>welcome1!</con:password><con:authType>No Authorization</con:authType></con:credentials><con:jmsConfig JMSDeliveryMode="PERSISTENT"/><con:jmsPropertyConfig/><con:parameters>
  <con:entry key="X-KIE-ContentType" value="xstream"/>
  <con:entry key="Content-Type" value="application/xml"/>
</con:parameters><con:parameterOrder><con:entry>Content-Type</con:entry><con:entry>X-KIE-ContentType</con:entry></con:parameterOrder></con:request></con:method></con:resource></con:interface><con:testSuite id="7f0d3ab3-0c25-4e6d-a9d6-7f509227d82b" name="TestSuite 1"><con:settings/><con:runType>SEQUENTIAL</con:runType><con:properties/></con:testSuite><con:properties/><con:wssContainer/><con:oAuth2ProfileContainer/><con:oAuth1ProfileContainer/><con:sensitiveInformation/></con:soapui-project>